{
  "Ansi 5 Color" : {
    "Red Component" : 0.89413011074066162,
    "Color Space" : "Calibrated",
    "Blue Component" : 0.22090700268745422,
    "Alpha Component" : 1,
    "Green Component" : 0
  },
  "Tags" : [

  ],
  "Ansi 12 Color" : {
    "Red Component" : 0.034702643752098083,
    "Color Space" : "Calibrated",
    "Blue Component" : 0.99833208322525024,
    "Alpha Component" : 1,
    "Green Component" : 0.33525934815406799
  },
  "Ansi 6 Color" : {
    "Red Component" : 0.14621829986572266,
    "Color Space" : "Calibrated",
    "Blue Component" : 0.88165187835693359,
    "Alpha Component" : 1,
    "Green Component" : 0.58380317687988281
  },
  "Draw Powerline Glyphs" : true,
  "Bold Color" : {
    "Red Component" : 1,
    "Color Space" : "Calibrated",
    "Blue Component" : 1,
    "Alpha Component" : 1,
    "Green Component" : 1
  },
  "Ansi 7 Color" : {
    "Red Component" : 0.93609845638275146,
    "Color Space" : "Calibrated",
    "Blue Component" : 0.93608629703521729,
    "Alpha Component" : 1,
    "Green Component" : 0.93607044219970703
  },
  "Ansi 8 Color" : {
    "Red Component" : 0.29258939623832703,
    "Color Space" : "Calibrated",
    "Blue Component" : 0.2925855815410614,
    "Alpha Component" : 1,
    "Green Component" : 0.29258066415786743
  },
  "Ansi 9 Color" : {
    "Red Component" : 0.98649853467941284,
    "Color Space" : "Calibrated",
    "Blue Component" : 0.09584229439496994,
    "Alpha Component" : 1,
    "Green Component" : 0.10874228924512863
  },
  "Rows" : 40,
  "Default Bookmark" : "No",
  "Ansi 3 Color" : {
    "Red Component" : 0.99400854110717773,
    "Color Space" : "Calibrated",
    "Blue Component" : 0.04665486142039299,
    "Alpha Component" : 1,
    "Green Component" : 0.70690685510635376
  },
  "Transparency" : 0,
  "Cursor Guide Color" : {
    "Red Component" : 0.64999997615814209,
    "Color Space" : "Calibrated",
    "Blue Component" : 1,
    "Alpha Component" : 0.25,
    "Green Component" : 0.9100000262260437
  },
  "Non-ASCII Anti Aliased" : true,
  "Use Bright Bold" : true,
  "Ansi 10 Color" : {
    "Red Component" : 0.41909652948379517,
    "Color Space" : "Calibrated",
    "Blue Component" : 0.096630744636058807,
    "Alpha Component" : 1,
    "Green Component" : 0.76076662540435791
  },
  "Ambiguous Double Width" : false,
  "Jobs to Ignore" : [
    "rlogin",
    "ssh",
    "slogin",
    "telnet"
  ],
  "Ansi 15 Color" : {
    "Red Component" : 0.55026084184646606,
    "Color Space" : "Calibrated",
    "Blue Component" : 0.92504298686981201,
    "Alpha Component" : 1,
    "Green Component" : 0
  },
  "Foreground Color" : {
    "Red Component" : 0.93609845638275146,
    "Color Space" : "Calibrated",
    "Blue Component" : 0.93608629703521729,
    "Alpha Component" : 1,
    "Green Component" : 0.93607044219970703
  },
  "Working Directory" : "\/Users\/ysementsov",
  "Blinking Cursor" : false,
  "Disable Window Resizing" : true,
  "Sync Title" : false,
  "Prompt Before Closing 2" : false,
  "BM Growl" : true,
  "Command" : "",
  "Description" : "Default",
  "Mouse Reporting" : true,
  "Screen" : -1,
  "Selection Color" : {
    "Red Component" : 0.70980000495910645,
    "Color Space" : "Calibrated",
    "Blue Component" : 1,
    "Alpha Component" : 1,
    "Green Component" : 0.8353000283241272
  },
  "Initial Use Transparency" : false,
  "Columns" : 180,
  "Idle Code" : 0,
  "Ansi 13 Color" : {
    "Red Component" : 0.98598915338516235,
    "Color Space" : "Calibrated",
    "Blue Component" : 0.31279650330543518,
    "Alpha Component" : 1,
    "Green Component" : 0
  },
  "Custom Command" : "No",
  "ASCII Anti Aliased" : true,
  "Non Ascii Font" : "PowerlineSymbols 14",
  "Vertical Spacing" : 1.3999999999999999,
  "Use Bold Font" : false,
  "Option Key Sends" : 0,
  "Selected Text Color" : {
    "Red Component" : 0,
    "Color Space" : "Calibrated",
    "Blue Component" : 0,
    "Alpha Component" : 1,
    "Green Component" : 0
  },
  "Background Color" : {
    "Red Component" : 0.09497368335723877,
    "Color Space" : "Calibrated",
    "Blue Component" : 0.094972439110279083,
    "Alpha Component" : 1,
    "Green Component" : 0.094970837235450745
  },
  "Character Encoding" : 4,
  "Ansi 11 Color" : {
    "Red Component" : 0.99558579921722412,
    "Color Space" : "Calibrated",
    "Blue Component" : 0.056614972651004791,
    "Alpha Component" : 1,
    "Green Component" : 0.78366917371749878
  },
  "Thin Strokes" : 3,
  "Non-ASCII Ligatures" : true,
  "Use Italic Font" : true,
  "Unlimited Scrollback" : false,
  "Keyboard Map" : {
    "0xf728-0x80000" : {
      "Action" : 10,
      "Text" : "d"
    },
    "0xf702-0x280000" : {
      "Action" : 10,
      "Text" : "b"
    },
    "0xf70d-0x20000" : {
      "Action" : 10,
      "Text" : "[21;2~"
    },
    "0x7f-0x80000" : {
      "Action" : 11,
      "Text" : "0x1b 0x7f"
    },
    "0xf708-0x20000" : {
      "Action" : 10,
      "Text" : "[15;2~"
    },
    "0x33-0x40000" : {
      "Action" : 11,
      "Text" : "0x1b"
    },
    "0xf703-0x260000" : {
      "Action" : 10,
      "Text" : "[1;6C"
    },
    "0xf729-0x20000" : {
      "Action" : 10,
      "Text" : "[1;2H"
    },
    "0xf702-0x260000" : {
      "Action" : 10,
      "Text" : "[1;6D"
    },
    "0x38-0x40000" : {
      "Action" : 11,
      "Text" : "0x7f"
    },
    "0xf72b-0x40000" : {
      "Action" : 10,
      "Text" : "[1;5F"
    },
    "0xf70c-0x20000" : {
      "Action" : 10,
      "Text" : "[20;2~"
    },
    "0xf701-0x260000" : {
      "Action" : 10,
      "Text" : "[1;6B"
    },
    "0x32-0x40000" : {
      "Action" : 11,
      "Text" : "0x00"
    },
    "0xf707-0x20000" : {
      "Action" : 10,
      "Text" : "[1;2S"
    },
    "0xf703-0x240000" : {
      "Action" : 10,
      "Text" : "[1;5C"
    },
    "0xf700-0x260000" : {
      "Action" : 10,
      "Text" : "[1;6A"
    },
    "0xf702-0x240000" : {
      "Action" : 10,
      "Text" : "[1;5D"
    },
    "0xf703-0x300000" : {
      "Action" : 11,
      "Text" : "0x5"
    },
    "0x37-0x40000" : {
      "Action" : 11,
      "Text" : "0x1f"
    },
    "0x3-0x200000" : {
      "Action" : 11,
      "Text" : "0xd"
    },
    "0xf701-0x240000" : {
      "Action" : 10,
      "Text" : "[1;5B"
    },
    "0xf702-0x300000" : {
      "Action" : 11,
      "Text" : "0x1"
    },
    "0xf703-0x220000" : {
      "Action" : 10,
      "Text" : "[1;2C"
    },
    "0xf739-0x0" : {
      "Action" : 13,
      "Text" : ""
    },
    "0xf70b-0x20000" : {
      "Action" : 10,
      "Text" : "[19;2~"
    },
    "0xf728-0x0" : {
      "Action" : 11,
      "Text" : "0x4"
    },
    "0xf706-0x20000" : {
      "Action" : 10,
      "Text" : "[1;2R"
    },
    "0xf700-0x240000" : {
      "Action" : 10,
      "Text" : "[1;5A"
    },
    "0xf702-0x220000" : {
      "Action" : 10,
      "Text" : "[1;2D"
    },
    "0x36-0x40000" : {
      "Action" : 11,
      "Text" : "0x1e"
    },
    "0xf70f-0x20000" : {
      "Action" : 10,
      "Text" : "[24;2~"
    },
    "0xf701-0x220000" : {
      "Action" : 10,
      "Text" : "[1;2B"
    },
    "0xf70a-0x20000" : {
      "Action" : 10,
      "Text" : "[18;2~"
    },
    "0xf729-0x40000" : {
      "Action" : 10,
      "Text" : "[1;5H"
    },
    "0xf72b-0x20000" : {
      "Action" : 10,
      "Text" : "[1;2F"
    },
    "0xf700-0x220000" : {
      "Action" : 10,
      "Text" : "[1;2A"
    },
    "0x30-0x200000" : {
      "Action" : 12,
      "Text" : "0"
    },
    "0xf705-0x20000" : {
      "Action" : 10,
      "Text" : "[1;2Q"
    },
    "0x31-0x200000" : {
      "Action" : 12,
      "Text" : "1"
    },
    "0x33-0x200000" : {
      "Action" : 12,
      "Text" : "3"
    },
    "0x35-0x40000" : {
      "Action" : 11,
      "Text" : "0x1d"
    },
    "0x34-0x200000" : {
      "Action" : 12,
      "Text" : "4"
    },
    "0x32-0x200000" : {
      "Action" : 12,
      "Text" : "2"
    },
    "0x35-0x200000" : {
      "Action" : 12,
      "Text" : "5"
    },
    "0x36-0x200000" : {
      "Action" : 12,
      "Text" : "6"
    },